book,chapter,verseNumber1,verseNumber2,text,filename
Philemon,1,9,11,"I prefer to appeal on the basis of love. For I, Paul, am now aged, and a prisoner of Christ Jesus as well.
I appeal to you for my child Onesimus, whose father I became while I was in chains.
Formerly he was useless to you, but now he has become useful both to you and to me.
",Philemon-1.9-11.png
Philemon,1,12,12,I am sending back to you him who is my very heart.,Philemon-1.12.png
Mark,11,21,21,"Peter remembered it and said, Look, Rabbi! The fig tree You cursed has withered.",Mark-11.21.png
Mark,10,46,46,"Next, they came to Jericho. And as Jesus and His disciples were leaving Jericho with a large crowd, a blind beggar named Bartimaeus, the son of Timaeus, was sitting beside the road.",Mark-10.46.png
Mark,12,5,5,"He sent still another, and this one they killed. He sent many others; some they beat and others they killed.",Mark-12.5.png
Mark,1,9,9,In those days Jesus came from Nazareth in Galilee and was baptized by John in the Jordan.,Mark-1.9.png
Mark,15,38,38,And the veil of the temple was torn in two from top to bottom.,Mark-15.38.png
Mark,11,15,15,"When they arrived in Jerusalem, Jesus entered the temple courts and began to drive out those who were buying and selling there. He overturned the tables of the money changers and the seats of those selling doves.",Mark-11.15.png
Mark,6,42,43,"They all ate and were satisfied,
and the disciples picked up twelve basketfuls of broken pieces of bread and fish.
",Mark-6.42-43.png
Mark,15,21,21,"Now Simon of Cyrene, the father of Alexander and Rufus, was passing by on his way in from the country, and the soldiers forced him to carry the cross of Jesus.",Mark-15.21.png
Mark,4,3,3,Listen! A farmer went out to sow his seed.,Mark-4.3.png
Mark,5,27,28,"When the woman heard about Jesus, she came up through the crowd behind Him and touched His cloak.
For she kept saying, If only I touch His garments, I will be healed.
",Mark-5.27-28.png
Mark,16,6,6,"But he said to them, Do not be alarmed. You are looking for Jesus the Nazarene, who was crucified. He has risen! He is not here! See the place where they put Him.",Mark-16.6.png
Mark,14,22,22,"While they were eating, Jesus took bread, spoke a blessing and broke it, and gave it to the disciples, saying, Take it; this is My body.",Mark-14.22.png
Mark,5,4,4,"Though he was often bound with chains and shackles, he had broken the chains and shattered the shackles. Now there was no one with the strength to subdue him.",Mark-5.4.png
Mark,14,13,13,"So He sent two of His disciples and told them, Go into the city, and a man carrying a jug of water will meet you. Follow him,",Mark-14.13.png
Mark,12,43,43,"Jesus called His disciples to Him and said, Truly I tell you, this poor widow has put more than all the others into the treasury.",Mark-12.43.png
Mark,2,4,4,"Since they were unable to get to Jesus through the crowd, they uncovered the roof above Him, made an opening, and lowered the paralytic on his mat.",Mark-2.4.png
Mark,1,40,40,"Then a leper came to Jesus, begging on his knees: If You are willing, You can make me clean.",Mark-1.40.png
Mark,7,33,33,"So Jesus took him aside privately, away from the crowd, and put His fingers into the mans ears. Then He spit and touched the mans tongue.",Mark-7.33.png
Mark,6,49,50,"but when they saw Him walking on the sea, they cried out, thinking He was a ghost
for they all saw Him and were terrified. But Jesus spoke up at once: Take courage! It is I. Do not be afraid.
",Mark-6.49-50.png
Mark,4,39,39,"Then Jesus got up and rebuked the wind and the sea. Silence! He commanded. Be still! And the wind died down, and it was perfectly calm.",Mark-4.39.png
Mark,9,37,37,"Whoever welcomes one of these little children in My name welcomes Me, and whoever welcomes Me welcomes not only Me, but the One who sent Me.",Mark-9.37.png
Mark,9,42,42,"But if anyone causes one of these little ones who believe in Me to stumble, it would be better for him to have a large millstone hung around his neck and to be thrown into the sea.",Mark-9.42.png
Mark,13,8,8,"Nation will rise against nation, and kingdom against kingdom. There will be earthquakes in various places, as well as famines. These are the beginning of birth pains.",Mark-13.8.png
Mark,3,5,5,"Jesus looked around at them with anger and sorrow at their hardness of heart. Then He said to the man, Stretch out your hand. So he stretched it out, and it was restored.",Mark-3.5.png
Mark,8,24,24,"The man looked up and said, I can see the people, but they look like trees walking around.",Mark-8.24.png
Mark,2,14,14,"As He was walking along, He saw Levi son of Alphaeus sitting at the tax booth. Follow Me, He told him, and Levi got up and followed Him.",Mark-2.14.png
Mark,10,7,7,"For this reason a man will leave his father and mother and be united to his wife,",Mark-10.7.png
Mark,16,12,12,"After this, Jesus appeared in a different form to two of them as they walked along in the country.",Mark-16.12.png
Mark,13,34,34,"It is like a man going on a journey who left his house, put each servant in charge of his own task, and instructed the doorkeeper to keep watch.",Mark-13.34.png
Mark,7,35,35,"Immediately the mans ears were opened and his tongue was released, and he began to speak plainly.",Mark-7.35.png
2 John,1,7,7,"For many deceivers have gone out into the world, refusing to confess the coming of Jesus Christ in the flesh. Any such person is the deceiver and the antichrist.",2-John-1.7.png
2 John,1,9,9,Anyone who runs ahead without remaining in the teaching of Christ does not have God. Whoever remains in His teaching has both the Father and the Son.,2-John-1.9.png
2 Thessalonians,3,6,6,"Now we command you, brothers, in the name of our Lord Jesus Christ, to keep away from any brother who leads an undisciplined life that is not in keeping with the tradition you received from us.",2-Thessalonians-3.6.png
2 Thessalonians,2,8,8,"And then the lawless one will be revealed, whom the Lord Jesus will slay with the breath of His mouth and annihilate by the majesty of His arrival.",2-Thessalonians-2.8b.png
2 Thessalonians,1,7,7,and to grant relief to you who are oppressed and to us as well. This will take place when the Lord Jesus is revealed from heaven with His mighty angels,2-Thessalonians-1.7.png
2 Thessalonians,1,4,5,"That is why we boast among Gods churches about your perseverance and faith in the face of all the persecution and affliction you are enduring.
All this is clear evidence of Gods righteous judgment. And so you will be counted worthy of the kingdom of God, for which you are suffering.
",2-Thessalonians-1.4-5.png
2 Thessalonians,3,10,10,"For even while we were with you, we gave you this command: If anyone is unwilling to work, he shall not eat.",2-Thessalonians-3.10.png
2 Thessalonians,2,8,8,"And then the lawless one will be revealed, whom the Lord Jesus will slay with the breath of His mouth and annihilate by the majesty of His arrival.",2-Thessalonians-2.8a.png
Hebrews,9,4,4,"containing the golden altar of incense and the gold-covered ark of the covenant. Inside the ark were the gold jar of manna, Aarons staff that had budded, and the stone tablets of the covenant.",Hebrews-9.4.png
Hebrews,5,4,4,"No one takes this honor upon himself; he must be called by God, just as Aaron was.",Hebrews-5.4.png
Hebrews,2,9,9,"But we see Jesus, who was made a little lower than the angels, now crowned with glory and honor because He suffered death, so that by the grace of God He might taste death for everyone.",Hebrews-2.9.png
Hebrews,5,3,3,"That is why he is obligated to offer sacrifices for his own sins, as well as for the sins of the people.",Hebrews-5.3.png
Hebrews,11,23,23,"By faith Moses parents hid him for three months after his birth, because they saw that he was a beautiful child, and they were unafraid of the kings edict.",Hebrews-11.23.png
Hebrews,12,15,15,"See to it that no one falls short of the grace of God, and that no root of bitterness springs up to cause trouble and defile many.",Hebrews-12.15.png
Hebrews,8,3,3,"And since every high priest is appointed to offer both gifts and sacrifices, it was necessary for this One also to have something to offer.",Hebrews-8.3.png
Hebrews,10,29,29,"How much more severely do you think one deserves to be punished who has trampled on the Son of God, profaned the blood of the covenant that sanctified him, and insulted the Spirit of grace?",Hebrews-10.29.png
Hebrews,7,26,26,"Such a high priest truly befits usOne who is holy, innocent, undefiled, set apart from sinners, and exalted above the heavens.",Hebrews-7.26.png
Hebrews,1,1,1,"On many past occasions and in many different ways, God spoke to our fathers through the prophets.",Hebrews-1.1.png
Hebrews,11,17,17,"By faith Abraham, when he was tested, offered up Isaac on the altar. He who had received the promises was ready to offer his one and only son,",Hebrews-11.17.png
Hebrews,2,1,1,"We must pay closer attention, therefore, to what we have heard, so that we do not drift away.",Hebrews-2.1.png
Hebrews,13,5,5,"Keep your lives free from the love of money and be content with what you have, for God has said: Never will I leave you, never will I forsake you.",Hebrews-13.5.png
Hebrews,8,5,5,The place where they serve is a copy and shadow of what is in heaven. This is why Moses was warned when he was about to build the tabernacle: See to it that you make everything according to the pattern shown you on the mountain.,Hebrews-8.5.png
Hebrews,4,12,12,"For the word of God is living and active. Sharper than any double-edged sword, it pierces even to dividing soul and spirit, joints and marrow. It judges the thoughts and intentions of the heart.",Hebrews-4.12.png
Hebrews,1,3,3,"The Son is the radiance of Gods glory and the exact representation of His nature, upholding all things by His powerful word. After He had provided purification for sins, He sat down at the right hand of the Majesty on high.",Hebrews-1.3.png
Hebrews,3,17,17,"And with whom was God angry for forty years? Was it not with those who sinned, whose bodies fell in the wilderness?",Hebrews-3.17.png
Hebrews,3,5,5,"Now Moses was faithful as a servant in all Gods house, testifying to what would be spoken later.",Hebrews-3.5.png
Hebrews,4,7,7,"God again designated a certain day as Today, when a long time later He spoke through David as was just stated: Today, if you hear His voice, do not harden your hearts.",Hebrews-4.7.png
Hebrews,6,1,1,"Therefore let us leave the elementary teachings about Christ and go on to maturity, not laying again the foundation of repentance from dead works, and of faith in God,",Hebrews-6.1.png
Hebrews,13,20,20,"Now may the God of peace, who through the blood of the eternal covenant brought back from the dead our Lord Jesus, that great Shepherd of the sheep,",Hebrews-13.20.png
Hebrews,6,8,8,"But land that produces thorns and thistles is worthless, and its curse is imminent. In the end it will be burned.",Hebrews-6.8.png
Hebrews,9,7,7,"But only the high priest entered the second room, and then only once a year, and never without blood, which he offered for himself and for the sins the people had committed in ignorance.",Hebrews-9.7.png
Hebrews,10,1,1,"For the law is only a shadow of the good things to come, not the realities themselves. It can never, by the same sacrifices offered year after year, make perfect those who draw near to worship.",Hebrews-10.1.png
Hebrews,7,1,1,"This Melchizedek was king of Salem and priest of God Most High. He met Abraham returning from the slaughter of the kings and blessed him,",Hebrews-7.1.png
Hebrews,12,18,19,"For you have not come to a mountain that can be touched and that is burning with fire; to darkness, gloom, and storm;
to a trumpet blast or to a voice that made its hearers beg that no further word be spoken.
",Hebrews-12.18-19.png
James,2,3,3,"If you lavish attention on the man in fine clothes and say, Here is a seat of honor, but say to the poor man, You must stand or Sit at my feet,",James-2.3.png
James,3,3,3,"When we put bits into the mouths of horses to make them obey us, we can guide the whole animal.",James-3.3.png
James,5,14,14,Is any one of you sick? He should call the elders of the church to pray over him and anoint him with oil in the name of the Lord.,James-5.14.png
James,4,1,1,What causes conflicts and quarrels among you? Dont they come from the passions at war within you?,James-4.1.png
James,3,5,5,"In the same way, the tongue is a small part of the body, but it boasts of great things. Consider how small a spark sets a great forest ablaze.",James-3.5.png
James,4,2,2,"You crave what you do not have; you kill and covet, but are unable to obtain it. You quarrel and fight. You do not have, because you do not ask.",James-4.2.png
James,2,15,16,"Suppose a brother or sister is without clothes and daily food.
If one of you tells him, Go in peace; stay warm and well fed, but does not provide for his physical needs, what good is that?
",James-2.15-16.png
James,1,6,6,"But he must ask in faith, without doubting, because he who doubts is like a wave of the sea, blown and tossed by the wind.",James-1.6.png
James,1,10,10,"But the one who is rich should exult in his low position, because he will pass away like a flower of the field.",James-1.10.png
James,5,4,4,"Look, the wages you withheld from the workmen who mowed your fields are crying out against you. The cries of the harvesters have reached the ears of the Lord of Hosts.",James-5.4.png
Matthew,25,32,32,"All the nations will be gathered before Him, and He will separate the people one from another, as a shepherd separates the sheep from the goats.",Matthew-25.32.png
Matthew,10,16,16,"Behold, I am sending you out like sheep among wolves; therefore be as shrewd as snakes and as innocent as doves.",Matthew-10.16.png
Matthew,4,3,3,"The tempter came to Him and said, If You are the Son of God, tell these stones to become bread.",Matthew-4.3.png
Matthew,21,5,5,"Say to the Daughter of Zion, See, your King comes to you, gentle and riding on a donkey, on a colt, the foal of a donkey.",Matthew-21.5.png
Matthew,3,16,16,"As soon as Jesus was baptized, He went up out of the water. Suddenly the heavens were opened, and He saw the Spirit of God descending like a dove and resting on Him.",Matthew-3.16.png
Matthew,13,47,48,"Once again, the kingdom of heaven is like a net that was cast into the sea and caught all kinds of fish.
When it was full, the men pulled it ashore. Then they sat down and sorted the good fish into containers, but threw the bad away.
",Matthew-13.47-48.png
Matthew,24,7,7,"Nation will rise against nation, and kingdom against kingdom. There will be famines and earthquakes in various places.",Matthew-24.7.png
Matthew,22,21,21,"Caesars, they answered. So Jesus told them, Give to Caesar what is Caesars, and to God what is Gods.",Matthew-22.21.png
Matthew,15,14,14,"Disregard them! They are blind guides. If a blind man leads a blind man, both will fall into a pit.",Matthew-15.14.png
Matthew,23,4,4,"They tie up heavy, burdensome loads and lay them on mens shoulders, but they themselves are not willing to lift a finger to move them.",Matthew-23.4.png
Matthew,21,19,19,"Seeing a fig tree by the road, He went up to it but found nothing on it except leaves. May you never bear fruit again! He said. And immediately the tree withered.",Matthew-21.19.png
Matthew,19,23,23,"Then Jesus said to His disciples, Truly I tell you, it is hard for a rich man to enter the kingdom of heaven.",Matthew-19.23.png
Matthew,6,20,20,"But store up for yourselves treasures in heaven, where moth and rust do not destroy, and where thieves do not break in and steal.",Matthew-6.20.png
Matthew,17,3,3,"Suddenly Moses and Elijah appeared before them, talking with Jesus.",Matthew-17.3.png
Matthew,26,39,39,"Going a little farther, He fell facedown and prayed, My Father, if it is possible, let this cup pass from Me. Yet not as I will, but as You will.",Matthew-26.39.png
Matthew,9,2,2,"Just then some men brought to Him a paralytic lying on a mat. When Jesus saw their faith, He said to the paralytic, Take courage, son; your sins are forgiven.",Matthew-9.2.png
Matthew,17,27,27,"But so that we may not offend them, go to the sea, cast a hook, and take the first fish you catch. When you open its mouth, you will find a four-drachma coin. Take it and give it to them for My tax and yours.",Matthew-17.27.png
Matthew,2,8,8,"And sending them to Bethlehem, he said: Go and search carefully for the Child, and when you find Him, report to me, so that I too may go and worship Him.",Matthew-2.8.png
Matthew,8,32,32,"Go! He told them. So they came out and went into the pigs, and the whole herd rushed down the steep bank into the sea and died in the waters.",Matthew-8.32.png
Matthew,18,12,12,"What do you think? If a man has a hundred sheep and one of them goes astray, will he not leave the ninety-nine on the hills and go out to search for the one that is lost?",Matthew-18.12.png
Matthew,16,4,4,"A wicked and adulterous generation demands a sign, but none will be given it except the sign of Jonah. Then He left them and went away.",Matthew-16.4.png
Matthew,16,23,23,"But Jesus turned and said to Peter, Get behind Me, Satan! You are a stumbling block to Me. For you do not have in mind the things of God, but the things of men.",Matthew-16.23.png
Matthew,15,27,27,"Yes, Lord, she said, even the dogs eat the crumbs that fall from their masters table.",Matthew-15.27.png
Matthew,5,23,24,"So if you are offering your gift at the altar and there remember that your brother has something against you,
leave your gift there before the altar. First go and be reconciled to your brother; then come and offer your gift.
",Matthew-5.23-24.png
Matthew,28,17,17,"When they saw Him, they worshiped Him, but some doubted.",Matthew-28.17.png
Matthew,26,69,70,"Meanwhile, Peter was sitting out in the courtyard, and a servant girl came up to him. You also were with Jesus the Galilean, she said.
But he denied it before them all: I do not know what you are talking about.
",Matthew-26.69-70.png
Matthew,18,29,29,"So his fellow servant fell down and begged him, Have patience with me, and I will pay you back.",Matthew-18.29.png
Matthew,25,10,10,"But while they were on their way to buy it, the bridegroom arrived. Those who were ready went in with him to the wedding banquet, and the door was shut.",Matthew-25.10.png
Matthew,12,13,13,"Then Jesus said to the man, Stretch out your hand. So he stretched it out, and it was restored to full use, just like the other.",Matthew-12.13.png
Matthew,28,5,5,"But the angel said to the women, Do not be afraid, for I know that you are looking for Jesus, who was crucified.",Matthew-28.5.png
Matthew,7,15,15,"Beware of false prophets. They come to you in sheeps clothing, but inwardly they are ravenous wolves.",Matthew-7.15.png
Matthew,6,3,4,"But when you give to the needy, do not let your left hand know what your right hand is doing,
so that your giving may be in secret. And your Father, who sees what is done in secret, will reward you.
",Matthew-6.3-4.png
Matthew,27,42,42,"He saved others, but He cannot save Himself. He is the King of Israel! Let Him come down now from the cross, and we will believe in Him.",Matthew-27.42.png
Matthew,13,46,46,"When he found one very precious pearl, he went away and sold all he had and bought it.",Matthew-13.46.png
Matthew,27,65,66,"You have a guard, Pilate said. Go, make the tomb as secure as you know how.
So they went and secured the tomb by sealing the stone and posting the guard.
",Matthew-27.65-66.png
Matthew,12,42,42,"The Queen of the South will rise at the judgment with this generation and condemn it; for she came from the ends of the earth to hear the wisdom of Solomon, and now One greater than Solomon is here.",Matthew-12.42.png
Matthew,14,20,20,"They all ate and were satisfied, and the disciples picked up twelve basketfuls of broken pieces that were left over.",Matthew-14.20.png
Matthew,11,16,16,To what can I compare this generation? They are like children sitting in the marketplaces and calling out to others:,Matthew-11.16.png
Matthew,4,19,19,"Come, follow Me, Jesus said, and I will make you fishers of men.",Matthew-4.19.png
Matthew,24,38,39,"For in the days before the flood, people were eating and drinking, marrying and giving in marriage, up to the day Noah entered the ark.
And they were oblivious, until the flood came and swept them all away. So will it be at the coming of the Son of Man.
",Matthew-24.38-39.png
Matthew,22,10,10,"So the servants went out into the streets and gathered everyone they could find, both evil and good, and the wedding hall was filled with guests.",Matthew-22.10.png
Matthew,7,9,10,"Which of you, if his son asks for bread, will give him a stone?
Or if he asks for a fish, will give him a snake?
",Matthew-7.9-10.png
Matthew,20,34,34,"Moved with compassion, Jesus touched their eyes, and at once they received their sight and followed Him.",Matthew-20.34.png
Matthew,14,30,30,"But when he saw the strength of the wind, he was afraid, and beginning to sink, cried out, Lord, save me!",Matthew-14.30.png
Matthew,23,37,37,"O Jerusalem, Jerusalem, who kills the prophets and stones those sent to her, how often I have longed to gather your children together, as a hen gathers her chicks under her wings, but you were unwilling!",Matthew-23.37.png
Matthew,11,24,24,But I tell you that it will be more bearable for Sodom on the day of judgment than for you.,Matthew-11.24.png
Matthew,19,13,13,Then the little children were brought to Jesus for Him to place His hands on them and pray for them. And the disciples rebuked those who brought them.,Matthew-19.13.png
Matthew,9,9,9,"As Jesus went on from there, He saw a man named Matthew sitting at the tax booth. Follow Me, He told him, and Matthew got up and followed Him.",Matthew-9.9.png
Matthew,8,26,26,"You of little faith, Jesus replied, why are you so afraid? Then He got up and rebuked the winds and the sea, and it was perfectly calm.",Matthew-8.26.png
Matthew,20,8,8,"When evening came, the owner of the vineyard said to his foreman, Call the workers and pay them their wages, starting with the last ones hired and moving on to the first.",Matthew-20.8.png
Matthew,3,1,2,"In those days John the Baptist came, preaching in the wilderness of Judea
and saying, Repent, for the kingdom of heaven is near.
",Matthew-3.1-2.png
Matthew,5,14,14,You are the light of the world. A city on a hill cannot be hidden.,Matthew-5.14.png
Matthew,1,20,20,"But after he had pondered these things, an angel of the Lord appeared to him in a dream and said, Joseph, son of David, do not be afraid to embrace Mary as your wife, for the One conceived in her is from the Holy Spirit.",Matthew-1.20.png
Matthew,10,5,5,These twelve Jesus sent out with the following instructions: Do not go onto the road of the Gentiles or enter any town of the Samaritans.,Matthew-10.5.png
2 Timothy,4,2,2,"Preach the word; be prepared in season and out of season; reprove, rebuke, and encourage with every form of patient instruction.",2-Timothy-4.2.png
2 Timothy,3,2,4,"For men will be lovers of themselves, lovers of money, boastful, arrogant, abusive, disobedient to their parents, ungrateful, unholy,
unloving, unforgiving, slanderous, without self-control, brutal, without love of good,
traitorous, reckless, conceited, lovers of pleasure rather than lovers of God,
",2-Timothy-3.2-4a.png
2 Timothy,1,6,6,"For this reason I remind you to fan into flame the gift of God, which is in you through the laying on of my hands.",2-Timothy-1.6.png
2 Timothy,2,8,9,"Remember Jesus Christ, raised from the dead, descended from David, as proclaimed by my gospel,
for which I suffer to the extent of being chained like a criminal. But the word of God cannot be chained!
",2-Timothy-2.8-9.png
2 Timothy,2,20,20,"A large house contains not only vessels of gold and silver, but also of wood and clay. Some indeed are for honorable use, but others are for common use.",2-Timothy-2.20.png
2 Timothy,3,2,4,"For men will be lovers of themselves, lovers of money, boastful, arrogant, abusive, disobedient to their parents, ungrateful, unholy,
unloving, unforgiving, slanderous, without self-control, brutal, without love of good,
traitorous, reckless, conceited, lovers of pleasure rather than lovers of God,
",2-Timothy-3.2-4b.png
2 Timothy,4,13,13,"When you come, bring the cloak that I left with Carpus at Troas, and my scrolls, especially the parchments.",2-Timothy-4.13.png
2 Timothy,1,4,4,"Recalling your tears, I long to see you so that I may be filled with joy.",2-Timothy-1.4.png
1 John,5,11,11,"And this is that testimony: God has given us eternal life, and this life is in His Son.",1-John-5.11.png
1 John,3,17,17,"If anyone with earthly possessions sees his brother in need, but withholds his compassion from him, how can the love of God abide in him?",1-John-3.17.png
1 John,5,6,6,"This is the One who came by water and blood, Jesus Christnot by water alone, but by water and blood. And it is the Spirit who testifies to this, because the Spirit is the truth.",1-John-5.6.png
1 John,4,1,1,"Beloved, do not believe every spirit, but test the spirits to see whether they are from God. For many false prophets have gone out into the world.",1-John-4.1.png
1 John,1,4,4,We write these things so that our joy may be complete.,1-John-1.4.png
1 John,4,10,10,"And love consists in this: not that we loved God, but that He loved us and sent His Son as the atoning sacrifice for our sins.",1-John-4.10.png
1 John,2,1,1,"My little children, I am writing these things to you so that you will not sin. But if anyone does sin, we have an advocate before the FatherJesus Christ, the Righteous One.",1-John-2.1.png
1 John,2,11,11,"But whoever hates his brother is in the darkness and walks in the darkness. He does not know where he is going, because the darkness has blinded his eyes.",1-John-2.11.png
1 John,1,1,1,"That which was from the beginning, which we have heard, which we have seen with our own eyes, which we have gazed upon and touched with our own handsthis is the Word of life.",1-John-1.1.png
1 John,3,11,12,"This is the message you have heard from the beginning: We should love one another.
Do not be like Cain, who belonged to the evil one and murdered his brother. And why did Cain slay him? Because his own deeds were evil, while those of his brother were righteous.
",1-John-3.11-12.png
2 Corinthians,12,7,8,"or because of these surpassingly great revelations. So to keep me from becoming conceited, I was given a thorn in my flesh, a messenger of Satan, to torment me.
Three times I pleaded with the Lord to take it away from me.
",2-Corinthians-12.7-8.png
2 Corinthians,7,10,10,"Godly sorrow brings repentance that leads to salvation without regret, but worldly sorrow brings death.",2-Corinthians-7.10.png
2 Corinthians,7,9,9,"And now I rejoice, not because you were made sorrowful, but because your sorrow led you to repentance. For you felt the sorrow that God had intended, and so were not harmed in any way by us.",2-Corinthians-7.9.png
2 Corinthians,5,1,1,"Now we know that if the earthly tent we live in is dismantled, we have a building from God, an eternal house in heaven, not built by human hands.",2-Corinthians-5.1.png
2 Corinthians,5,10,10,"For we must all appear before the judgment seat of Christ, that each one may receive his due for the things done in the body, whether good or bad.",2-Corinthians-5.10.png
2 Corinthians,1,4,4,"who comforts us in all our troubles, so that we can comfort those in any trouble with the comfort we ourselves have received from God.",2-Corinthians-1.4.png
2 Corinthians,2,15,15,For we are to God the sweet aroma of Christ among those who are being saved and those who are perishing.,2-Corinthians-2.15.png
2 Corinthians,3,2,2,"You yourselves are our letter, inscribed on our hearts, known and read by everyone.",2-Corinthians-3.2.png
2 Corinthians,6,14,14,Do not be unequally yoked with unbelievers. For what partnership can righteousness have with wickedness? Or what fellowship does light have with darkness?,2-Corinthians-6.14.png
2 Corinthians,11,25,25,"Three times I was beaten with rods, once I was stoned, three times I was shipwrecked. I spent a night and a day in the open sea.",2-Corinthians-11.25.png
2 Corinthians,10,4,5,"The weapons of our warfare are not the weapons of the world. Instead, they have divine power to demolish strongholds.
We tear down arguments and every presumption set up against the knowledge of God; and we take captive every thought to make it obedient to Christ.
",2-Corinthians-10.4-5.png
2 Corinthians,9,6,6,"Remember this: Whoever sows sparingly will also reap sparingly, and whoever sows generously will also reap generously.",2-Corinthians-9.6b.png
2 Corinthians,4,7,7,Now we have this treasure in jars of clay to show that this surpassingly great power is from God and not from us.,2-Corinthians-4.7.png
2 Corinthians,12,1,1,"I must go on boasting. Although there is nothing to gain, I will go on to visions and revelations from the Lord.",2-Corinthians-12.1.png
2 Corinthians,13,5,5,Examine yourselves to see whether you are in the faith; test yourselves. Cant you see for yourselves that Jesus Christ is in youunless you actually fail the test?,2-Corinthians-13.5b.png
2 Corinthians,3,7,7,"Now if the ministry of death, which was engraved in letters on stone, came with such glory that the Israelites could not gaze at the face of Moses because of its fleeting glory,",2-Corinthians-3.7.png
2 Corinthians,8,15,15,"As it is written: He who gathered much had no excess, and he who gathered little had no shortfall.",2-Corinthians-8.15.png
2 Corinthians,13,5,5,Examine yourselves to see whether you are in the faith; test yourselves. Cant you see for yourselves that Jesus Christ is in youunless you actually fail the test?,2-Corinthians-13.5a.png
2 Corinthians,4,18,18,"So we fix our eyes not on what is seen, but on what is unseen. For what is seen is temporary, but what is unseen is eternal.",2-Corinthians-4.18.png
2 Corinthians,9,6,6,"Remember this: Whoever sows sparingly will also reap sparingly, and whoever sows generously will also reap generously.",2-Corinthians-9.6a.png
2 Corinthians,11,3,3,"I am afraid, however, that just as Eve was deceived by the serpents cunning, your minds may be led astray from your simple and pure devotion to Christ.",2-Corinthians-11.3.png
2 Corinthians,10,5,5,We tear down arguments and every presumption set up against the knowledge of God; and we take captive every thought to make it obedient to Christ.,2-Corinthians-10.5.png
2 Corinthians,8,2,2,"In the terrible ordeal they suffered, their abundant joy and deep poverty overflowed into rich generosity.",2-Corinthians-8.2.png
2 Corinthians,2,8,8,Therefore I urge you to reaffirm your love for him.,2-Corinthians-2.8.png
2 Corinthians,6,4,5,"Rather, as servants of God we commend ourselves in every way: in great endurance; in troubles, hardships, and calamities;
in beatings, imprisonments, and riots; in labor, sleepless nights, and hunger;
",2-Corinthians-6.4-5.png
Acts,13,13,13,"After setting sail from Paphos, Paul and his companions came to Perga in Pamphylia, where John left them to return to Jerusalem.",Acts-13.13.png
Acts,14,11,11,"When the crowds saw what Paul had done, they lifted up their voices in the Lycaonian language: The gods have come down to us in human form!",Acts-14.11.png
Acts,8,38,38,"And he gave orders to stop the chariot. Then both Philip and the eunuch went down into the water, and Philip baptized him.",Acts-8.38.png
Acts,23,23,24,"Then he called two of his centurions and said, Prepare two hundred soldiers, seventy horsemen, and two hundred spearmen to go to Caesarea in the third hour of the night.
Provide mounts for Paul to take him safely to Governor Felix.
",Acts-23.23-24.png
Acts,8,31,31,"How can I, he said, unless someone guides me? And he invited Philip to come up and sit with him.",Acts-8.31.png
Acts,16,9,9,"During the night, Paul had a vision of a man of Macedonia standing and pleading with him, Come over to Macedonia and help us.",Acts-16.9.png
Acts,24,14,14,"I do confess to you, however, that I worship the God of our fathers according to the Way, which they call a sect. I believe everything that is laid down by the Law and written in the Prophets,",Acts-24.14.png
Acts,23,1,1,"Paul looked directly at the Sanhedrin and said, Brothers, I have conducted myself before God in all good conscience to this day.",Acts-23.1.png
Acts,19,24,24,"It began with a silversmith named Demetrius who made silver shrines of Artemis, bringing much business to the craftsmen.",Acts-19.24.png
Acts,12,22,22,"And they began to shout, This is the voice of a god, not a man!",Acts-12.22.png
Acts,17,2,3,"As was his custom, Paul went into the synagogue, and on three Sabbaths he reasoned with them from the Scriptures,
explaining and proving that the Christ had to suffer and rise from the dead. This Jesus I am proclaiming to you is the Christ, he declared.
",Acts-17.2-3.png
Acts,26,28,28,"Then Agrippa said to Paul, Can you persuade me in such a short time to become a Christian?",Acts-26.28.png
Acts,27,43,44,"But the centurion, wanting to spare Pauls life, thwarted their plan. He commanded those who could swim to jump overboard first and get to land.
The rest were to follow on planks and various parts of the ship. In this way everyone was brought safely to land.
",Acts-27.43-44.png
Acts,21,11,11,"Coming over to us, he took Pauls belt, bound his own feet and hands, and said, The Holy Spirit says: In this way the Jews of Jerusalem will bind the owner of this belt and hand him over to the Gentiles.",Acts-21.11.png
Acts,11,28,28,One of them named Agabus stood up and predicted through the Spirit that a great famine would sweep across the whole world. (This happened under Claudius.),Acts-11.28.png
Acts,1,26,26,"Then they cast lots, and the lot fell to Matthias; so he was added to the eleven apostles.",Acts-1.26.png
Acts,10,4,4,"Cornelius stared at him in fear and asked, What is it, Lord? The angel answered, Your prayers and gifts to the poor have ascended as a memorial offering before God.",Acts-10.4.png
Acts,28,3,3,"Paul gathered a bundle of sticks, and as he laid them on the fire, a viper, driven out by the heat, fastened itself to his hand.",Acts-28.3.png
Acts,10,11,11,He saw heaven open and something like a large sheet being let down to earth by its four corners.,Acts-10.11.png
Acts,21,33,33,"The commander came up and arrested Paul, ordering that he be bound with two chains. Then he asked who he was and what he had done.",Acts-21.33.png
Acts,17,22,23,"Then Paul stood up in the meeting of the Areopagus and said, Men of Athens, I see that in every way you are very religious.
For as I walked around and examined your objects of worship, I even found an altar with this inscription: TO AN UNKNOWN GOD. Therefore what you worship as something unknown, I now proclaim to you.
",Acts-17.22-23.png
Acts,5,19,20,"But during the night an angel of the Lord opened the doors of the jail and brought them out, saying,
Go, stand in the temple courts and tell the people the full message of this new life.
",Acts-5.19-20.png
Acts,22,30,30,"The next day the commander, wanting to learn the real reason Paul was accused by the Jews, released him and ordered the chief priests and the whole Sanhedrin to assemble. Then he brought Paul down and had him stand before them.",Acts-22.30.png
Acts,19,19,19,"And a number of those who had practiced magic arts brought their books and burned them in front of everyone. When the value of the books was calculated, the total came to fifty thousand drachmas.",Acts-19.19.png
Acts,13,4,4,"So Barnabas and Saul, sent forth by the Holy Spirit, went down to Seleucia and sailed from there to Cyprus.",Acts-13.4.png
Acts,5,5,5,"On hearing these words, Ananias fell down and died. And great fear came over all who heard what had happened.",Acts-5.5.png
Acts,4,34,35,"There were no needy ones among them, because those who owned lands or houses would sell their property, bring the proceeds from the sales,
and lay them at the apostles feet for distribution to anyone as he had need.
",Acts-4.34-35.png
Acts,9,17,17,"So Ananias went to the house, and when he arrived, he placed his hands on Saul. Brother Saul, he said, the Lord Jesus, who appeared to you on the road as you were coming here, has sent me so that you may see again and be filled with the Holy Spirit.",Acts-9.17.png
Acts,14,19,19,"Then some Jews arrived from Antioch and Iconium and won over the crowds. They stoned Paul and dragged him outside the city, presuming he was dead.",Acts-14.19.png
Acts,6,3,3,"Therefore, brothers, select from among you seven men confirmed to be full of the Spirit and wisdom. We will appoint this responsibility to them",Acts-6.3.png
Acts,1,9,9,"After He had said this, they watched as He was taken up, and a cloud hid Him from their sight.",Acts-1.9.png
Acts,7,30,30,"After forty years had passed, an angel appeared to Moses in the flames of a burning bush in the desert near Mount Sinai.",Acts-7.30.png
Acts,15,7,7,"After much discussion, Peter got up and said to them, Brothers, you know that in the early days God made a choice among you that the Gentiles would hear from my lips the message of the gospel and believe.",Acts-15.7.png
Acts,3,6,6,"But Peter said, Silver or gold I do not have, but what I have I give you: In the name of Jesus Christ of Nazareth, get up and walk!",Acts-3.6.png
Acts,9,3,4,"As Saul drew near to Damascus on his journey, suddenly a light from heaven flashed around him.
He fell to the ground and heard a voice say to him, Saul, Saul, why do you persecute Me?
",Acts-9.3-4.png
Acts,16,26,26,Suddenly a strong earthquake shook the foundations of the prison. At once all the doors flew open and everyones chains came loose.,Acts-16.26.png
Acts,22,25,25,"But as they stretched him out to strap him down, Paul said to the centurion standing there, Is it lawful for you to flog a Roman citizen without a trial?",Acts-22.25.png
Acts,12,9,9,"So Peter followed him out, but he was unaware that what the angel was doing was real. He thought he was only seeing a vision.",Acts-12.9.png
Acts,27,6,6,There the centurion found an Alexandrian ship sailing for Italy and put us on board.,Acts-27.6.png
Acts,20,25,25,Now I know that none of you among whom I have preached the kingdom will see my face again.,Acts-20.25.png
Acts,4,21,21,"After further threats they let them go. They could not find a way to punish them, because all the people were glorifying God for what had happened.",Acts-4.21.png
Acts,20,10,10,"But Paul went down, threw himself on the young man, and embraced him. Do not be alarmed! he said. He is still alive!",Acts-20.10.png
Acts,18,3,3,"and he stayed and worked with them because they were tentmakers by trade, just as he was.",Acts-18.3.png
Acts,6,15,15,"All who were sitting in the Sanhedrin looked intently at Stephen, and they saw that his face was like the face of an angel.",Acts-6.15.png
Acts,25,6,6,"After spending no more than eight or ten days with them, Festus went down to Caesarea. The next day he sat on the judgment seat and ordered that Paul be brought in.",Acts-25.6.png
Acts,2,14,14,"Then Peter stood up with the Eleven, lifted up his voice, and addressed the crowd: Men of Judea and all who dwell in Jerusalem, let this be known to you, and listen carefully to my words.",Acts-2.14.png
Acts,2,4,4,And they were all filled with the Holy Spirit and began to speak in other tongues as the Spirit enabled them.,Acts-2.4.png
Acts,7,58,58,They dragged him out of the city and began to stone him. Meanwhile the witnesses laid their garments at the feet of a young man named Saul.,Acts-7.58.png
Acts,28,8,8,"The father of Publius was sick in bed, suffering from fever and dysentery. Paul went in to see him, and after praying and placing his hands on him, he healed the man.",Acts-28.8.png
2 Peter,3,7,7,"And by that same word, the present heavens and earth are reserved for fire, being kept for the day of judgment and destruction of ungodly men.",2-Peter-3.7.png
2 Peter,2,22,22,"Of them the proverbs are true: A dog returns to its vomit, and, A sow that is washed goes back to her wallowing in the mud.",2-Peter-2.22.png
2 Peter,3,5,5,"But they deliberately overlook the fact that long ago by Gods word the heavens existed and the earth was formed out of water and by water,",2-Peter-3.5.png
2 Peter,1,3,3,His divine power has given us everything we need for life and godliness through the knowledge of Him who called us by His own glory and excellence.,2-Peter-1.3.png
2 Peter,1,19,19,"We also have the word of the prophets as confirmed beyond doubt. And you will do well to pay attention to it, as to a lamp shining in a dark place, until the day dawns and the morning star rises in your hearts.",2-Peter-1.19.png
2 Peter,2,15,15,"They have left the straight way and wandered off to follow the way of Balaam son of Beor, who loved the wages of wickedness.",2-Peter-2.15.png
1 Timothy,3,4,4,"An overseer must manage his own household well and keep his children under control, with complete dignity.",1-Timothy-3.4.png
1 Timothy,1,3,4,"As I urged you on my departure to Macedonia, you should stay on at Ephesus to instruct certain men not to teach false doctrines
or devote themselves to myths and endless genealogies, which promote speculation rather than the stewardship of Gods work, which is by faith.
",1-Timothy-1.3-4.png
1 Timothy,4,1,1,"Now the Spirit expressly states that in later times some will abandon the faith to follow deceitful spirits and the teachings of demons,",1-Timothy-4.1.png
1 Timothy,5,18,18,"For the Scripture says, Do not muzzle an ox while it is treading out the grain, and, The worker is worthy of his wages.",1-Timothy-5.18.png
1 Timothy,6,9,9,"Those who want to be rich, however, fall into temptation and become ensnared by many foolish and harmful desires that plunge them into ruin and destruction.",1-Timothy-6.9.png
1 Timothy,3,1,1,"This is a trustworthy saying: If anyone aspires to be an overseer, he desires a noble task.",1-Timothy-3.1.png
1 Timothy,1,13,13,"I was formerly a blasphemer, a persecutor, and a violent man; yet because I had acted in ignorance and unbelief, I was shown mercy.",1-Timothy-1.13.png
1 Timothy,2,5,6,"For there is one God, and there is one mediator between God and men, the man Christ Jesus,
who gave Himself as a ransom for allthe testimony that was given at just the right time.
",1-Timothy-2.5-6.png
1 Timothy,6,3,5,"If anyone teaches another doctrine and disagrees with the sound words of our Lord Jesus Christ and with godly teaching,
he is conceited and understands nothing. Instead, he has an unhealthy interest in controversies and semantics, out of which come envy, strife, abusive talk, evil suspicions,
and constant friction between men of depraved mind who are devoid of the truth. These men regard godliness as a means of gain.
",1-Timothy-6.3-5.png
1 Timothy,5,5,5,The widow who is truly in need and left all alone puts her hope in God and continues night and day in her petitions and prayers.,1-Timothy-5.5.png
1 Timothy,2,8,8,"Therefore I want the men everywhere to pray, lifting up holy hands, without anger or dissension.",1-Timothy-2.8.png
1 Timothy,4,4,4,"For every creation of God is good, and nothing that is received with thanksgiving should be rejected,",1-Timothy-4.4.png
Ephesians,4,14,14,"Then we will no longer be infants, tossed about by the waves and carried around by every wind of teaching and by the clever cunning of men in their deceitful scheming.",Ephesians-4.14.png
Ephesians,2,12,12,"remember that at that time you were separate from Christ, alienated from the commonwealth of Israel, and strangers to the covenants of the promise, without hope and without God in the world.",Ephesians-2.12.png
Ephesians,1,11,11,"In Him we were also chosen as Gods own, having been predestined according to the plan of Him who works out everything by the counsel of His will,",Ephesians-1.11.png
Ephesians,3,4,5,"In reading this, then, you will be able to understand my insight into the mystery of Christ,
which was not made known to men in other generations as it has now been revealed by the Spirit to Gods holy apostles and prophets.
",Ephesians-3.4-5.png
Ephesians,6,2,3,"Honor your father and mother (which is the first commandment with a promise),
that it may go well with you and that you may have a long life on the earth.
",Ephesians-6.2-3.png
Ephesians,6,11,11,"Put on the full armor of God, so that you can make your stand against the devils schemes.",Ephesians-6.11.png
Ephesians,1,18,19,"I ask that the eyes of your heart may be enlightened, so that you may know the hope of His calling, the riches of His glorious inheritance in the saints,
and the surpassing greatness of His power to us who believe. These are in accordance with the working of His mighty strength,
",Ephesians-1.18-19.png
Ephesians,2,17,17,He came and preached peace to you who were far away and peace to those who were near.,Ephesians-2.17.png
Ephesians,4,16,16,"From Him the whole body, fitted and held together by every supporting ligament, grows and builds itself up in love through the work of each individual part.",Ephesians-4.16.png
Ephesians,5,1,1,"Be imitators of God, therefore, as beloved children,",Ephesians-5.1.png
Ephesians,5,28,28,"In the same way, husbands ought to love their wives as their own bodies. He who loves his wife loves himself.",Ephesians-5.28.png
Ephesians,3,14,15,"... for this reason I bow my knees before the Father,
from whom every family in heaven and on earth derives its name.
",Ephesians-3.14-15.png
1 Peter,1,18,19,"For you know that it was not with perishable things such as silver or gold that you were redeemed from the empty way of life you inherited from your forefathers,
but with the precious blood of Christ, a lamb without blemish or spot.
",1-Peter-1.18-19.png
1 Peter,5,6,7,"Humble yourselves, therefore, under Gods mighty hand, so that in due time He may exalt you.
Cast all your anxiety on Him, because He cares for you.
",1-Peter-5.6-7.png
1 Peter,2,4,5,"As you come to Him, the living stone, rejected by men but chosen and precious in Gods sight,
you also, like living stones, are being built into a spiritual house to be a holy priesthood, offering spiritual sacrifices acceptable to God through Jesus Christ.
",1-Peter-2.4-5.png
1 Peter,1,24,25,"For, All flesh is like grass, and all its glory like the flowers of the field; the grass withers and the flowers fall,
but the word of the Lord stands forever. And this is the word that was proclaimed to you.
",1-Peter-1.24-25.png
1 Peter,3,19,20,"in whom He also went and preached to the spirits in prison
who disobeyed long ago when God waited patiently in the days of Noah while the ark was being built. In the ark a few people, only eight souls, were saved through water.
",1-Peter-3.19-20.png
1 Peter,5,8,8,"Be sober-minded and alert. Your adversary the devil prowls around like a roaring lion, seeking someone to devour.",1-Peter-5.8.png
1 Peter,4,17,17,"For it is time for judgment to begin with the family of God; and if it begins with us, what will the outcome be for those who disobey the gospel of God?",1-Peter-4.17.png
1 Peter,4,17,17,"For it is time for judgment to begin with the family of God; and if it begins with us, what will the outcome be for those who disobey the gospel of God?",1-Peter-4.17a.png
1 Peter,2,25,25,"For you were like sheep going astray, but now you have returned to the Shepherd and Overseer of your souls.",1-Peter-2.25.png
1 Peter,4,4,4,"Because of this, they consider it strange of you not to plunge with them into the same flood of reckless indiscretion, and they heap abuse on you.",1-Peter-4.4.png
1 Peter,3,21,21,"And this water symbolizes the baptism that now saves you alsonot the removal of dirt from the body, but the pledge of a clear conscience toward Godthrough the resurrection of Jesus Christ,",1-Peter-3.21.png
John,13,30,30,"As soon as he had received the morsel, Judas went out into the night.",John-13.30.png
John,2,15,15,"So He made a whip out of cords and drove all from the temple courts, both sheep and cattle. He poured out the coins of the money changers and overturned their tables.",John-2.15.png
John,9,6,6,"When Jesus had said this, He spit on the ground, made some mud, and applied it to the mans eyes.",John-9.6.png
John,18,12,12,"Then the band of soldiers, with its commander and the officers of the Jews, arrested Jesus and bound Him.",John-18.12.png
John,20,6,7,"Simon Peter arrived just after him. He entered the tomb and saw the linen cloths lying there.
The cloth that had been around Jesus head was rolled up, lying separate from the linen cloths.
",John-20.6-7.png
John,19,16,17,"Then Pilate handed Jesus over to be crucified, and the soldiers took Him away.
Carrying His own cross, He went out to The Place of the Skull, which in Hebrew is called Golgotha.
",John-19.16-17.png
John,6,9,9,Here is a boy with five barley loaves and two small fish. But what difference will these make among so many?,John-6.9.png
John,16,2,2,"They will put you out of the synagogues. In fact, a time is coming when anyone who kills you will think he is offering a service to God.",John-16.2.png
John,8,6,6,"They said this to test Him, in order to have a basis for accusing Him. But Jesus bent down and began to write on the ground with His finger.",John-8.6.png
John,20,27,27,"Then Jesus said to Thomas, Put your finger here and look at My hands. Reach out your hand and put it into My side. Stop doubting and believe.",John-20.27.png
John,17,12,12,"While I was with them, I protected and preserved them by Your name, the name You gave Me. Not one of them has been lost, except the son of destruction, so that the Scripture would be fulfilled.",John-17.12.png
John,14,3,3,"And if I go and prepare a place for you, I will come back and welcome you into My presence, so that you also may be where I am.",John-14.3.png
John,10,10,10,"The thief comes only to steal and kill and destroy. I have come that they may have life, and have it in all its fullness.",John-10.10.png
John,19,2,2,"The soldiers twisted together a crown of thorns, set it on His head, and dressed Him in a purple robe.",John-19.2.png
John,15,2,2,"He cuts off every branch in Me that bears no fruit, and every branch that does bear fruit, He prunes to make it even more fruitful.",John-15.2.png
John,15,5,5,"I am the vine and you are the branches. The one who remains in Me, and I in him, will bear much fruit. For apart from Me you can do nothing.",John-15.5.png
John,9,7,7,"Then He told him, Go, wash in the Pool of Siloam (which means Sent). So the man went and washed, and came back seeing.",John-9.7.png
John,5,11,11,"But he answered, The man who made me well told me, Pick up your mat and walk.",John-5.11.png
John,1,33,33,"I myself did not know Him, but the One who sent me to baptize with water told me, The man on whom you see the Spirit descend and rest is He who will baptize with the Holy Spirit.",John-1.33.png
John,12,40,40,"He has blinded their eyes and hardened their hearts, so that they cannot see with their eyes, and understand with their hearts, and turn, and I would heal them.",John-12.40.png
John,11,44,44,"The man who had been dead came out with his hands and feet bound in strips of linen, and his face wrapped in a cloth. Unwrap him and let him go, Jesus told them.",John-11.44.png
John,13,12,12,"When Jesus had washed their feet and put on His outer garments, He reclined with them again and asked, Do you know what I have done for you?",John-13.12.png
John,21,7,7,"Then the disciple whom Jesus loved said to Peter, It is the Lord! As soon as Simon Peter heard that it was the Lord, he put on his outer garment (for he had removed it) and jumped into the sea.",John-21.7.png
John,18,33,33,"Pilate went back into the Praetorium, summoned Jesus, and asked Him, Are You the King of the Jews?",John-18.33.png
John,3,1,2,"Now there was a man of the Pharisees named Nicodemus, a leader of the Jews.
He came to Jesus at night and said, Rabbi, we know that You are a teacher who has come from God. For no one could perform the signs You are doing if God were not with him.
",John-3.1-2.png
John,21,9,9,"When they landed, they saw a charcoal fire there with fish on it, and some bread.",John-21.9.png
John,4,11,11,"Sir, the woman replied, You have nothing to draw with and the well is deep. Where then will You get this living water?",John-4.11.png
John,6,32,32,"Jesus said to them, Truly, truly, I tell you, it was not Moses who gave you the bread from heaven, but it is My Father who gives you the true bread from heaven.",John-6.32.png
John,16,21,21,"A woman has pain in childbirth because her time has come; but when she brings forth her child, she forgets her anguish because of her joy that a child has been born into the world.",John-16.21.png
John,2,7,7,"Jesus told the servants, Fill the jars with water. So they filled them to the brim.",John-2.7.png
John,7,2,2,"However, the Jewish Feast of Tabernacles was near.",John-7.2.png
John,10,3,3,"The gatekeeper opens the gate for him, and the sheep listen for his voice. He calls his own sheep by name and leads them out.",John-10.3.png
John,11,33,33,"When Jesus saw her weeping, and the Jews who had come with her also weeping, He was deeply moved in spirit and troubled.",John-11.33.png
John,3,14,15,"Just as Moses lifted up the snake in the wilderness, so the Son of Man must be lifted up,
that everyone who believes in Him may have eternal life.
",John-3.14-15.png
John,1,9,9,The true Light who gives light to every man was coming into the world.,John-1.9.png
John,4,50,50,"Go, said Jesus. Your son will live. The man took Jesus at His word and departed.",John-4.50.png
John,7,14,14,"About halfway through the feast, Jesus went up to the temple courts and began to teach.",John-7.14.png
John,14,27,27,Peace I leave with you; My peace I give to you. I do not give to you as the world gives. Do not let your hearts be troubled; do not be afraid.,John-14.27.png
John,17,1,1,"When Jesus had spoken these things, He lifted up His eyes to heaven and said, Father, the hour has come. Glorify Your Son, that Your Son may glorify You.",John-17.1.png
John,5,5,5,One man there had been an invalid for thirty-eight years.,John-5.5.png
John,12,3,3,"Then Mary took about a pint of expensive perfume, made of pure nard, and she anointed Jesus feet and wiped them with her hair. And the house was filled with the fragrance of the perfume.",John-12.3.png
3 John,1,3,4,"For I was overjoyed when the brothers came and testified about your devotion to the truth, in which you continue to walk.
I have no greater joy than to hear that my children are walking in the truth.
",3-John-1.3-4.png
3 John,1,10,10,"So if I come, I will call attention to his malicious slander against us. And unsatisfied with that, he refuses to welcome the brothers and forbids those who want to do so, even putting them out of the church.",3-John-1.10.png
1 Corinthians,1,10,10,"I appeal to you, brothers, in the name of our Lord Jesus Christ, that all of you agree together, so that there may be no divisions among you and that you may be united in mind and conviction.",1-Corinthians-1.10.png
1 Corinthians,10,9,9,"We should not test Christ, as some of them did, and were killed by snakes.",1-Corinthians-10.9.png
1 Corinthians,13,1,1,"If I speak in the tongues of men and of angels, but have not love, I am only a ringing gong or a clanging cymbal.",1-Corinthians-13.1.png
1 Corinthians,7,5,5,"Do not deprive each other, except by mutual consent and for a time, so you may devote yourselves to prayer. Then come together again, so that Satan will not tempt you through your lack of self-control.",1-Corinthians-7.5.png
1 Corinthians,11,21,21,"For as you eat, each of you goes ahead without sharing his meal. While one remains hungry, another gets drunk.",1-Corinthians-11.21.png
1 Corinthians,4,12,12,"We work hard with our own hands. When we are vilified, we bless; when we are persecuted, we endure it;",1-Corinthians-4.12.png
1 Corinthians,12,19,19,"If they were all one part, where would the body be?",1-Corinthians-12.19.png
1 Corinthians,1,23,23,"but we preach Christ crucified, a stumbling block to Jews and foolishness to Gentiles,",1-Corinthians-1.23.png
1 Corinthians,4,5,5,Therefore judge nothing before the appointed time; wait until the Lord comes. He will bring to light what is hidden in darkness and will expose the motives of mens hearts. At that time each will receive his praise from God.,1-Corinthians-4.5.png
1 Corinthians,10,1,1,"I do not want you to be unaware, brothers, that our forefathers were all under the cloud, and that they all passed through the sea.",1-Corinthians-10.1.png
1 Corinthians,13,12,12,"Now we see but a dim reflection as in a mirror; then we shall see face to face. Now I know in part; then I shall know fully, even as I am fully known.",1-Corinthians-13.12.png
1 Corinthians,8,1,1,"Now about food sacrificed to idols: We know that we all have knowledge. Knowledge puffs up, but love builds up.",1-Corinthians-8.1b.png
1 Corinthians,3,6,6,"I planted the seed and Apollos watered it, but God made it grow.",1-Corinthians-3.6a.png
1 Corinthians,16,2,2,"On the first day of every week, each of you should set aside a portion of his income, saving it up, so that when I come no collections will be needed.",1-Corinthians-16.2.png
1 Corinthians,3,6,6,"I planted the seed and Apollos watered it, but God made it grow.",1-Corinthians-3.6b.png
1 Corinthians,9,25,25,"Everyone who competes in the games trains with strict discipline. They do it for a crown that is perishable, but we do it for a crown that is imperishable.",1-Corinthians-9.25.png
1 Corinthians,5,6,6,Your boasting is not good. Do you not know that a little leaven works through the whole batch of dough?,1-Corinthians-5.6.png
1 Corinthians,2,2,2,For I resolved to know nothing while I was with you except Jesus Christ and Him crucified.,1-Corinthians-2.2.png
1 Corinthians,14,7,7,"Even in the case of lifeless instruments, such as the flute or harp, how will anyone recognize the tune they are playing unless the notes are distinct?",1-Corinthians-14.7.png
1 Corinthians,14,9,9,"So it is with you. Unless you speak intelligible words with your tongue, how will anyone know what you are saying? You will just be speaking into the air.",1-Corinthians-14.9.png
1 Corinthians,12,12,12,"The body is a unit, though it is composed of many parts. And although its parts are many, they all form one body. So it is with Christ.",1-Corinthians-12.12.png
1 Corinthians,7,39,39,"A wife is bound to her husband as long as he lives. But if her husband dies, she is free to marry anyone she wishes, as long as he belongs to the Lord.",1-Corinthians-7.39.png
1 Corinthians,5,13,13,God will judge those outside. Expel the wicked man from among you.,1-Corinthians-5.13.png
1 Corinthians,8,1,1,"Now about food sacrificed to idols: We know that we all have knowledge. Knowledge puffs up, but love builds up.",1-Corinthians-8.1a.png
1 Corinthians,11,25,25,"In the same way, after supper He took the cup, saying, This cup is the new covenant in My blood; do this, as often as you drink it, in remembrance of Me.",1-Corinthians-11.25.png
1 Corinthians,9,9,9,For it is written in the Law of Moses: Do not muzzle an ox while it is treading out the grain. Is it about oxen that God is concerned?,1-Corinthians-9.9.png
1 Corinthians,6,18,18,"Flee from sexual immorality. Every other sin a man can commit is outside his body, but he who sins sexually sins against his own body.",1-Corinthians-6.18.png
1 Corinthians,6,1,1,"If any of you has a grievance against another, how dare he go to law before the unrighteous instead of before the saints!",1-Corinthians-6.1.png
1 Corinthians,15,6,6,"After that, He appeared to more than five hundred brothers at once, most of whom are still living, though some have fallen asleep.",1-Corinthians-15.6.png
1 Corinthians,15,32,32,"If I fought wild beasts in Ephesus for human motives, what did I gain? If the dead are not raised, Let us eat and drink, for tomorrow we die.",1-Corinthians-15.32.png
Romans,8,14,14,For all who are led by the Spirit of God are sons of God.,Romans-8.14.png
Romans,14,13,13,"Therefore let us stop judging one another. Instead, make up your mind not to put any stumbling block or obstacle in your brothers way.",Romans-14.13.png
Romans,6,4,4,"We were therefore buried with Him through baptism into death, in order that, just as Christ was raised from the dead through the glory of the Father, we too may walk in newness of life.",Romans-6.4.png
Romans,2,1,1,"You, therefore, have no excuse, you who pass judgment on another. For on whatever grounds you judge the other, you are condemning yourself, because you who pass judgment do the same things.",Romans-2.1.png
Romans,11,23,23,"And if they do not persist in unbelief, they will be grafted in, for God is able to graft them in again.",Romans-11.23.png
Romans,7,4,4,"Therefore, my brothers, you also died to the law through the body of Christ, that you might belong to another, to Him who was raised from the dead, in order that we might bear fruit to God.",Romans-7.4.png
Romans,1,18,19,"The wrath of God is being revealed from heaven against all the godlessness and wickedness of men who suppress the truth by their wickedness.
For what may be known about God is plain to them, because God has made it plain to them.
",Romans-1.18-19.png
Romans,15,1,1,We who are strong ought to bear with the shortcomings of the weak and not to please ourselves.,Romans-15.1.png
Romans,14,12,12,"So then, each of us will give an account of himself to God.",Romans-14.12.png
Romans,12,2,2,"Do not be conformed to this world, but be transformed by the renewing of your mind. Then you will be able to test and approve what is the good, pleasing, and perfect will of God.",Romans-12.2.png
Romans,10,21,21,But as for Israel he says: All day long I have held out My hands to a disobedient and obstinate people.,Romans-10.21.png
Romans,8,12,12,"Therefore, brothers, we have an obligation, but it is not to the flesh, to live according to it.",Romans-8.12.png
Romans,5,12,12,"Therefore, just as sin entered the world through one man, and death through sin, so also death was passed on to all men, because all sinned.",Romans-5.12.png
Romans,2,19,19,"if you are convinced that you are a guide for the blind, a light for those in darkness,",Romans-2.19.png
Romans,7,2,2,"For instance, a married woman is bound by law to her husband as long as he lives. But if her husband dies, she is released from the law of marriage.",Romans-7.2.png
Romans,12,21,21,"Do not be overcome by evil, but overcome evil with good.",Romans-12.21.png
Romans,9,11,11,"Yet before the twins were born or had done anything good or bad, in order that Gods plan of election might stand,",Romans-9.11.png
Romans,4,18,18,"Against all hope, Abraham in hope believed and so became the father of many nations, just as he had been told, So shall your offspring be.",Romans-4.18.png
Romans,11,4,4,And what was the divine reply to him? I have reserved for Myself seven thousand men who have not bowed the knee to Baal.,Romans-11.4.png
Romans,16,20,20,The God of peace will soon crush Satan under your feet. The grace of our Lord Jesus Christ be with you.,Romans-16.20.png
Romans,3,10,10,"As it is written: There is no one righteous, not even one.",Romans-3.10.png
Romans,9,20,20,"But who are you, O man, to talk back to God? Shall what is formed say to Him who formed it, Why did You make me like this?",Romans-9.20.png
Romans,15,12,12,"And once more, Isaiah says: The Root of Jesse will appear, One who will arise to rule over the Gentiles; in Him the Gentiles will put their hope.",Romans-15.12.png
Romans,6,6,6,"We know that our old self was crucified with Him so that the body of sin might be rendered powerless, that we should no longer be slaves to sin.",Romans-6.6.png
Romans,13,14,14,"Instead, clothe yourselves with the Lord Jesus Christ, and make no provision for the desires of the flesh.",Romans-13.14.png
Romans,4,7,7,"Blessed are they whose lawless acts are forgiven, whose sins are covered.",Romans-4.7.png
Romans,5,8,8,"But God proves His love for us in this: While we were still sinners, Christ died for us.",Romans-5.8.png
Romans,13,7,7,"Pay everyone what you owe him: taxes to whom taxes are due, revenue to whom revenue is due, respect to whom respect is due, honor to whom honor is due.",Romans-13.7.png
Romans,10,6,6,"But the righteousness that is by faith says: Do not say in your heart, Who will ascend into heaven? (that is, to bring Christ down)",Romans-10.6.png
Romans,3,2,2,"Much in every way. First of all, they have been entrusted with the very words of God.",Romans-3.2.png
Romans,1,24,24,Therefore God gave them over in the desires of their hearts to impurity for the dishonoring of their bodies with one another.,Romans-1.24.png
Titus,3,5,5,"He saved us, not by the righteous deeds we had done, but according to His mercy, through the washing of new birth and renewal by the Holy Spirit.",Titus-3.5.png
Titus,1,1,2,"Paul, a servant of God and an apostle of Jesus Christ for the faith of Gods elect and their knowledge of the truth that leads to godliness,
in the hope of eternal life, which God, who cannot lie, promised before time began.
",Titus-1.1-2.png
Titus,2,15,15,Speak these things as you encourage and rebuke with all authority. Let no one despise you.,Titus-2.15.png
Titus,1,8,8,"Instead, he must be hospitable, a lover of good, self-controlled, upright, holy, and disciplined.",Titus-1.8.png
Titus,3,9,9,"But avoid foolish controversies, genealogies, arguments, and quarrels about the law, because these things are pointless and worthless.",Titus-3.9.png
Titus,2,2,3,"Older men are to be temperate, dignified, self-controlled, and sound in faith, love, and perseverance.
Older women, likewise, are to be reverent in their behavior, not slanderers or addicted to much wine, but teachers of good.
",Titus-2.2-3.png
Revelation,6,1,8,"Then I watched as the Lamb opened one of the seven seals, and I heard one of the four living creatures say in a thunderous voice, Come!
So I looked and saw a white horse, and its rider held a bow. And he was given a crown, and he rode out to overcome and conquer.
And when the Lamb opened the second seal, I heard the second living creature say, Come!
Then another horse went forth. It was bright red, and its rider was granted permission to take away peace from the earth and to make men slay one another. And he was given a great sword.
And when the Lamb opened the third seal, I heard the third living creature say, Come! Then I looked and saw a black horse, and its rider held in his hand a pair of scales.
And I heard what sounded like a voice from among the four living creatures, saying, A quart of wheat for a denarius, and three quarts of barley for a denarius, and do not harm the oil and wine.
And when the Lamb opened the fourth seal, I heard the voice of the fourth living creature say, Come!
Then I looked and saw a pale green horse. Its riders name was Death, and Hades followed close behind. And they were given authority over a fourth of the earth, to kill by sword, by famine, by plague, and by the beasts of the earth.
",Revelation-6.1-8.png
Revelation,13,1,1,Then I saw a beast with ten horns and seven heads rising out of the sea. There were ten royal crowns on its horns and blasphemous names on its heads.,Revelation-13.1.png
Revelation,4,7,7,"The first living creature was like a lion, the second like a calf, the third had a face like a man, and the fourth was like an eagle in flight.",Revelation-4.7.png
Revelation,15,7,8,"Then one of the four living creatures gave the seven angels seven golden bowls full of the wrath of God, who lives forever and ever.
And the temple was filled with smoke from the glory of God and from His power; and no one could enter the temple until the seven plagues of the seven angels were completed.
",Revelation-15.7-8.png
Revelation,7,1,1,"After this I saw four angels standing at the four corners of the earth, holding back its four winds so that no wind would blow on land or sea or on any tree.",Revelation-7.1.png
Revelation,15,2,2,"And I saw something like a sea of glass mixed with fire, beside which stood those who had conquered the beast and its image and the number of its name. They were holding harps from God,",Revelation-15.2.png
Revelation,13,16,18,"And the second beast required all people small and great, rich and poor, free and slave, to receive a mark on their right hand or on their forehead,
so that no one could buy or sell unless he had the markthe name of the beast or the number of its name.
Here is a call for wisdom: Let the one who has insight calculate the number of the beast, for it is the number of a man, and that number is 666.
",Revelation-13.16-18.png
Revelation,12,1,1,"And a great sign appeared in heaven: a woman clothed in the sun, with the moon under her feet and a crown of twelve stars on her head.",Revelation-12.1.png
Revelation,9,7,7,"And the locusts looked like horses prepared for battle, with something like crowns of gold on their heads, and faces like the faces of men.",Revelation-9.7.png
Revelation,10,9,9,"And I went to the angel and said, Give me the small scroll. Take it and eat it, he said. It will make your stomach bitter, but in your mouth it will be as sweet as honey.",Revelation-10.9.png
Revelation,16,2,2,"So the first angel went and poured out his bowl on the earth, and loathsome, malignant sores broke out on those who had the mark of the beast and worshiped its image.",Revelation-16.2.png
Revelation,4,1,1,"After this I looked and saw a door standing open in heaven. And the voice I had previously heard speak to me like a trumpet was saying, Come up here, and I will show you what must happen after these things.",Revelation-4.1.png
Revelation,21,10,10,"And he carried me away in the Spirit to a mountain great and high, and showed me the holy city of Jerusalem coming down out of heaven from God,",Revelation-21.10.png
Revelation,11,6,6,"These witnesses have power to shut the sky so that no rain will fall during the days of their prophecy, and power to turn the waters into blood and to strike the earth with every kind of plague as often as they wish.",Revelation-11.6.png
Revelation,14,9,10,"And a third angel followed them, calling out in a loud voice, If anyone worships the beast and its image, and receives its mark on his forehead or on his hand,
he too will drink the wine of Gods anger, poured undiluted into the cup of His wrath. And he will be tormented in fire and sulfur in the presence of the holy angels and of the Lamb.
",Revelation-14.9-10.png
Revelation,10,1,2,"Then I saw another mighty angel coming down from heaven, wrapped in a cloud, with a rainbow above his head. His face was like the sun, and his legs were like pillars of fire.
He held in his hand a small scroll, which lay open. He placed his right foot on the sea and his left foot on the land.
",Revelation-10.1-2.png
Revelation,22,1,2,"Then the angel showed me a river of the water of life, as clear as crystal, flowing from the throne of God and of the Lamb
down the middle of the main street of the city. On either side of the river stood a tree of life, bearing twelve kinds of fruit and yielding a fresh crop for each month. And the leaves of the tree are for the healing of the nations.
",Revelation-22.1-2.png
Revelation,21,15,16,"The angel who spoke with me had a golden measuring rod to measure the city and its gates and walls.
The city lies foursquare, with its width the same as its length. And he measured the city with the rod, and all its dimensions were equal12,000 stadia in length and width and height.
",Revelation-21.15-16.png
Revelation,5,8,8,"When He had taken the scroll, the four living creatures and the twenty-four elders fell down before the Lamb. Each one had a harp, and they were holding golden bowls full of incense, which are the prayers of the saints.",Revelation-5.8.png
Revelation,7,9,9,"After this I looked and saw a multitude too large to count, from every nation and tribe and people and tongue, standing before the throne and before the Lamb. They were wearing white robes and holding palm branches in their hands.",Revelation-7.9.png
Revelation,1,16,16,"He held in His right hand seven stars, and a sharp double-edged sword came from His mouth. His face was like the sun shining at its brightest.",Revelation-1.16.png
Revelation,1,11,11,"saying, Write on a scroll what you see and send it to the seven churches: to Ephesus, Smyrna, Pergamum, Thyatira, Sardis, Philadelphia, and Laodicea.",Revelation-1.11.png
Revelation,22,9,9,"But he said to me, Do not do that! I am a fellow servant with you and your brothers the prophets, and with those who keep the words of this book. Worship God!",Revelation-22.9.png
Revelation,5,2,2,"And I saw a mighty angel proclaiming in a loud voice, Who is worthy to break the seals and open the scroll?",Revelation-5.2.png
Revelation,8,13,13,"And as I observed, I heard an eagle flying overhead, calling in a loud voice, Woe! Woe! Woe to those who dwell on the earth, because of the trumpet blasts about to be sounded by the remaining three angels!",Revelation-8.13.png
Revelation,20,2,3,"He seized the dragon, that ancient serpent who is the devil and Satan, and bound him for a thousand years.
And he threw him into the Abyss, shut it, and sealed it over him, so that he could not deceive the nations until the thousand years were complete. After that, he must be released for a brief period of time.
",Revelation-20.2-3.png
Revelation,14,14,14,"And I looked and saw a white cloud, and seated on the cloud was One like the Son of Man, with a golden crown on His head and a sharp sickle in His hand.",Revelation-14.14.png
Revelation,20,1,1,"Then I saw an angel coming down from heaven with the key to the Abyss, holding in his hand a great chain.",Revelation-20.1.png
Revelation,6,17,17,"For the great day of Their wrath has come, and who is able to withstand it?",Revelation-6.17.png
Revelation,3,20,20,"Behold, I stand at the door and knock. If anyone hears My voice and opens the door, I will come in and dine with him, and he with Me.",Revelation-3.20.png
Revelation,9,17,17,"Now the horses and riders in my vision looked like this: The riders had breastplates the colors of fire, sapphire, and sulfur. The heads of the horses were like the heads of lions, and out of their mouths proceeded fire, smoke, and sulfur.",Revelation-9.17.png
Revelation,16,13,13,"And I saw three unclean spirits that looked like frogs coming out of the mouths of the dragon, the beast, and the false prophet.",Revelation-16.13.png
Revelation,12,7,8,"Then a war broke out in heaven: Michael and his angels fought against the dragon, and the dragon and his angels fought back.
But the dragon was not strong enough, and no longer was any place found in heaven for him and his angels.
",Revelation-12.7-8.png
Revelation,3,12,12,"The one who overcomes I will make a pillar in the temple of My God, and he will never again leave it. Upon him I will write the name of My God, and the name of the city of My God (the new Jerusalem that comes down out of heaven from My God), and My new name.",Revelation-3.12.png
Revelation,19,15,15,"And from His mouth proceeds a sharp sword with which to strike down the nations, and He will rule them with an iron scepter. He treads the winepress of the fury of the wrath of God the Almighty.",Revelation-19.15.png
Revelation,2,10,10,"Do not fear what you are about to suffer. Look, the devil is about to throw some of you into prison to test you, and you will suffer tribulation for ten days. Be faithful even unto death, and I will give you the crown of life.",Revelation-2.10.png
Revelation,2,7,7,"He who has an ear, let him hear what the Spirit says to the churches. To the one who overcomes, I will grant the right to eat from the tree of life in the Paradise of God.",Revelation-2.7.png
Revelation,19,20,20,"But the beast was captured along with the false prophet, who on its behalf had performed signs deceiving those who had the mark of the beast and worshiped its image. Both the beast and the false prophet were thrown alive into the fiery lake of burning sulfur.",Revelation-19.20.png
Revelation,11,19,19,"Then the temple of God in heaven was opened, and the ark of His covenant appeared in His temple. And there were flashes of lightning, and rumblings, and peals of thunder, and an earthquake, and a great hailstorm.",Revelation-11.19.png
Revelation,17,3,4,"And the angel carried me away in the Spirit into a wilderness, where I saw a woman sitting on a scarlet beast that was covered with blasphemous names and had seven heads and ten horns.
The woman was dressed in purple and scarlet, and adorned with gold and precious stones and pearls. She held in her hand a golden cup full of abominations and the impurities of her sexual immorality.
",Revelation-17.3-4.png
Revelation,18,1,1,"After this I saw another angel descending from heaven with great authority, and the earth was illuminated by his glory.",Revelation-18.1.png
Revelation,8,3,3,"Then another angel, who had a golden censer, came and stood at the altar. He was given much incense to offer, along with the prayers of all the saints, on the golden altar before the throne.",Revelation-8.3.png
Luke,20,9,9,"Then He proceeded to tell the people this parable: A man planted a vineyard, rented it out to some tenants, and went away for a long time.",Luke-20.9.png
Luke,5,20,20,"When Jesus saw their faith, He said, Friend, your sins are forgiven.",Luke-5.20.png
Luke,2,22,22,"And when the time of purification according to the Law of Moses was complete, His parents brought Him to Jerusalem to present Him to the Lord",Luke-2.22.png
Luke,23,33,33,"When they came to the place called The Skull, they crucified Him there, along with the criminals, one on His right and the other on His left.",Luke-23.33.png
Luke,10,40,40,"But Martha was distracted by all the preparations to be made. She came to Jesus and said, Lord, do You not care that my sister has left me to serve alone? Tell her to help me!",Luke-10.40.png
Luke,23,34,34,"Then Jesus said, Father, forgive them, for they do not know what they are doing. And they divided up His garments by casting lots.",Luke-23.34.png
Luke,12,18,18,"Then he said, This is what I will do: I will tear down my barns and will build bigger ones, and there I will store up all my grain and my goods.",Luke-12.18.png
Luke,22,54,54,"Then they seized Jesus, led Him away, and took Him into the house of the high priest. And Peter followed at a distance.",Luke-22.54.png
Luke,2,27,29,"Led by the Spirit, he went into the temple courts. And when the parents brought in the child Jesus to do for Him what was customary under the Law,
Simeon took Him in his arms and blessed God, saying:
Sovereign Lord, as You have promised, You now dismiss Your servant in peace.
",Luke-2.27-29.png
Luke,11,31,31,"The Queen of the South will rise at the judgment with the men of this generation and condemn them; for she came from the ends of the earth to hear the wisdom of Solomon, and now One greater than Solomon is here.",Luke-11.31.png
Luke,6,49,49,"But the one who hears My words and does not act on them is like a man who built his house on ground without a foundation. The torrent crashed against that house, and immediately it felland great was its destruction!",Luke-6.49.png
Luke,17,15,16,"When one of them saw that he was healed, he came back, praising God in a loud voice.
He fell facedown at Jesus feet in thanksgiving to Himand he was a Samaritan.
",Luke-17.15-16.png
Luke,3,21,21,"When all the people were being baptized, Jesus was baptized too. And as He was praying, heaven was opened,",Luke-3.21.png
Luke,9,58,58,"Jesus replied, Foxes have dens and birds of the air have nests, but the Son of Man has no place to lay His head.",Luke-9.58.png
Luke,16,7,7,"Then he asked another, And how much do you owe? A hundred measures of wheat, he replied. Take your bill and write eighty, he told him.",Luke-16.7.png
Luke,7,15,15,And the dead man sat up and began to speak! Then Jesus gave him back to his mother.,Luke-7.15.png
Luke,10,33,33,"But when a Samaritan on a journey came upon him, he looked at him and had compassion.",Luke-10.33.png
Luke,17,6,6,"And the Lord answered, If you have faith the size of a mustard seed, you can say to this mulberry tree, Be uprooted and planted in the sea, and it will obey you.",Luke-17.6.png
Luke,24,39,39,"Look at My hands and My feet. It is I Myself. Touch Me and seefor a spirit does not have flesh and bones, as you see I have.",Luke-24.39.png
Luke,21,11,11,"There will be great earthquakes, famines, and pestilences in various places, along with fearful sights and great signs from heaven.",Luke-21.11.png
Luke,16,24,24,"So he cried out, Father Abraham, have mercy on me and send Lazarus to dip the tip of his finger in water and cool my tongue. For I am in agony in this fire.",Luke-16.24.png
Luke,15,20,20,"So he got up and went to his father. But while he was still in the distance, his father saw him and was filled with compassion. He ran to his son, embraced him, and kissed him.",Luke-15.20.png
Luke,8,5,5,"A farmer went out to sow his seed. And as he was sowing, some seed fell along the path, where it was trampled, and the birds of the air devoured it.",Luke-8.5.png
Luke,6,41,41,"Why do you look at the speck in your brothers eye, but fail to notice the beam in your own eye?",Luke-6.41.png
Luke,13,4,4,Or those eighteen who were killed when the tower of Siloam collapsed on them: Do you think that they were more sinful than all the others living in Jerusalem?,Luke-13.4.png
Luke,11,8,8,"I tell you, even though he will not get up to provide for him because of his friendship, yet because of the mans persistence, he will get up and give him as much as he needs.",Luke-11.8.png
Luke,14,29,29,"Otherwise, if he lays the foundation and is unable to finish the work, everyone who sees it will ridicule him,",Luke-14.29.png
Luke,24,10,10,"It was Mary Magdalene, Joanna, Mary the mother of James, and the other women with them who told this to the apostles.",Luke-24.10.png
Luke,18,3,3,"And there was a widow in that town who kept appealing to him, Give me justice against my adversary.",Luke-18.3.png
Luke,7,22,22,"So He replied, Go back and report to John what you have seen and heard: The blind receive sight, the lame walk, the lepers are cleansed, the deaf hear, the dead are raised, and the good news is preached to the poor.",Luke-7.22.png
Luke,19,15,15,"When he returned from procuring his kingship, he summoned the servants to whom he had given the money, to find out what each one had earned.",Luke-19.15.png
Luke,18,11,11,"The Pharisee stood by himself and prayed, God, I thank You that I am not like the other menswindlers, evildoers, adulterersor even like this tax collector.",Luke-18.11.png
Luke,5,6,6,"When they had done so, they caught such a large number of fish that their nets began to tear.",Luke-5.6.png
Luke,9,42,42,"Even while the boy was approaching, the demon slammed him to the ground in a convulsion. But Jesus rebuked the unclean spirit, healed the boy, and gave him back to his father.",Luke-9.42.png
Luke,14,5,5,"And He asked them, Which of you whose son or ox falls into a pit on the Sabbath day will not immediately pull him out?",Luke-14.5.png
Luke,1,41,41,"When Elizabeth heard Marys greeting, the baby leaped in her womb, and Elizabeth was filled with the Holy Spirit.",Luke-1.41.png
Luke,13,11,11,and a woman there had been disabled by a spirit for eighteen years. She was hunched over and could not stand up straight.,Luke-13.11.png
Luke,21,4,4,"For they all contributed out of their surplus, but she out of her poverty has put in all she had to live on.",Luke-21.4.png
Luke,1,46,47,"Then Mary said: My soul magnifies the Lord,
and my spirit rejoices in God my Savior!
",Luke-1.46-47.png
Luke,20,17,17,"But Jesus looked directly at them and said, Then what is the meaning of that which is written: The stone the builders rejected has become the cornerstone?",Luke-20.17.png
Luke,4,29,29,"They got up, drove Him out of the town, and led Him to the brow of the hill on which the town was built, in order to throw Him over the cliff.",Luke-4.29.png
Luke,4,9,9,"Then the devil led Him to Jerusalem and set Him on the pinnacle of the temple. If You are the Son of God, he said, throw Yourself down from here.",Luke-4.9.png
Luke,3,3,3,"He went into all the region around the Jordan, preaching a baptism of repentance for the forgiveness of sins,",Luke-3.3.png
Luke,15,5,5,"And when he finds it, he joyfully puts it on his shoulders,",Luke-15.5.png
Luke,8,23,23,"As they sailed, He fell asleep, and a windstorm came down on the lake, so that the boat was being swamped, and they were in great danger.",Luke-8.23.png
Luke,12,6,6,Are not five sparrows sold for two pennies? Yet not one of them is forgotten by God.,Luke-12.6.png
Luke,19,5,5,"When Jesus came to that place, He looked up and said, Zacchaeus, hurry down, for I must stay at your house today.",Luke-19.5.png
Luke,22,5,5,They were delighted and agreed to give him money.,Luke-22.5.png
Jude,1,6,6,"And the angels who did not stay within their own domain but abandoned their proper dwellingthese He has kept in eternal chains under darkness, bound for judgment on that great day.",Jude-1.6.png
Jude,1,22,23,"And indeed, have mercy on those who doubt;
save others by snatching them from the fire; and to still others show mercy tempered with fear, hating even the clothing stained by the flesh.
",Jude-1.22-23.png
Galatians,4,2,2,He is subject to guardians and trustees until the date set by his father.,Galatians-4.2.png
Galatians,3,6,6,"So also, Abraham believed God, and it was credited to him as righteousness.",Galatians-3.6.png
Galatians,3,22,22,"But the Scripture pronounces all things confined by sin, so that by faith in Jesus Christ the promise might be given to those who believe.",Galatians-3.22.png
Galatians,1,6,6,I am amazed how quickly you are deserting the One who called you by the grace of Christ and are turning to a different gospel,Galatians-1.6a.png
Galatians,2,9,9,"And recognizing the grace that I had been given, James, Cephas, and Johnthose reputed to be pillarsgave me and Barnabas the right hand of fellowship, so that we should go to the Gentiles, and they to the circumcised.",Galatians-2.9.png
Galatians,5,3,3,Again I testify to every man who gets himself circumcised that he is obligated to obey the whole law.,Galatians-5.3.png
Galatians,1,6,6,I am amazed how quickly you are deserting the One who called you by the grace of Christ and are turning to a different gospel,Galatians-1.6b.png
Galatians,6,7,8,"Do not be deceived: God is not to be mocked. Whatever a man sows, he will reap in return.
The one who sows to please his flesh, from the flesh will reap destruction; but the one who sows to please the Spirit, from the Spirit will reap eternal life.
",Galatians-6.7-8.png
Galatians,6,1,1,"Brothers, if someone is caught in a trespass, you who are spiritual should restore him with a spirit of gentleness. But watch yourself, or you also may be tempted.",Galatians-6.1.png
Galatians,5,1,1,"It is for freedom that Christ has set us free. Stand firm, then, and do not be encumbered once more by a yoke of slavery.",Galatians-5.1.png
Galatians,4,23,23,"His son by the slave woman was born according to the flesh, but his son by the free woman was born through the promise.",Galatians-4.23.png
Philippians,4,3,3,"Yes, and I ask you, my true yokefellow, to help these women who have labored with me for the gospel, along with Clement and the rest of my fellow workers, whose names are in the Book of Life.",Philippians-4.3.png
Philippians,3,13,14,"Brothers, I do not consider myself yet to have taken hold of it. But one thing I do: Forgetting what is behind and straining toward what is ahead,
I press on toward the goal to win the prize of Gods heavenly calling in Christ Jesus.
",Philippians-3.13-14.png
Philippians,4,2,2,I urge Euodia and Syntyche to agree with each other in the Lord.,Philippians-4.2.png
Philippians,3,2,2,"Watch out for those dogs, those workers of evil, those mutilators of the flesh!",Philippians-3.2.png
Philippians,2,17,17,"But even if I am being poured out like a drink offering on the sacrifice and service of your faith, I am glad and rejoice with all of you.",Philippians-2.17.png
Philippians,2,14,15,"Do everything without complaining or arguing,
so that you may be blameless and pure, children of God without fault in a crooked and perverse generation, in which you shine as lights in the world
",Philippians-2.14-15.png
Philippians,1,13,13,"As a result, it has become clear throughout the whole palace guard and to everyone else that I am in chains for Christ.",Philippians-1.13.png
1 Thessalonians,2,7,8,"On the contrary, we were gentle among you, like a nursing mother caring for her children.
We cared so deeply that we were delighted to share with you not only the gospel of God, but our own lives as well. That is how beloved you have become to us.
",1-Thessalonians-2.7-8.png
1 Thessalonians,3,5,5,"For this reason, when I could bear it no longer, I sent to find out about your faith, for fear that the tempter had somehow tempted you and caused our labor to be in vain.",1-Thessalonians-3.5.png
1 Thessalonians,3,2,2,"We sent Timothy, our brother and fellow worker for God in the gospel of Christ, to strengthen and encourage you in your faith,",1-Thessalonians-3.2.png
1 Thessalonians,1,9,9,"For they themselves report what kind of welcome you gave us, and how you turned to God from idols to serve the living and true God",1-Thessalonians-1.9.png
1 Thessalonians,5,2,2,For you are fully aware that the Day of the Lord will come like a thief in the night.,1-Thessalonians-5.2.png
1 Thessalonians,4,3,3,For it is Gods will that you should be holy: You must abstain from sexual immorality;,1-Thessalonians-4.3.png
1 Thessalonians,4,16,16,"For the Lord Himself will descend from heaven with a loud command, with the voice of an archangel, and with the trumpet of God, and the dead in Christ will be the first to rise.",1-Thessalonians-4.16.png
1 Thessalonians,2,9,9,"Surely you recall, brothers, our labor and toil. We worked night and day so that we would not be a burden to anyone while we proclaimed to you the gospel of God.",1-Thessalonians-2.9.png
Colossians,3,2,2,"Set your minds on things above, not on earthly things.",Colossians-3.2.png
Colossians,4,12,12,"Epaphras, who is one of you and a servant of Christ Jesus, sends you greetings. He is always wrestling in prayer for you, so that you may stand mature and fully assured in the full will of God.",Colossians-4.12.png
Colossians,3,3,3,"For you died, and your life is now hidden with Christ in God.",Colossians-3.3.png
Colossians,2,14,14,"having canceled the debt ascribed to us in the decrees that stood against us. He took it away, nailing it to the cross!",Colossians-2.14.png
Colossians,2,6,7,"Therefore, just as you have received Christ Jesus as Lord, continue to walk in Him,
rooted and built up in Him, established in the faith as you were taught, and overflowing with thankfulness.
",Colossians-2.6-7.png
Colossians,1,6,6,"that has come to you. All over the world this gospel is bearing fruit and growing, just as it has been doing among you since the day you heard it and truly understood the grace of God.",Colossians-1.6.png
Colossians,1,9,9,"For this reason, since the day we heard about you, we have not stopped praying for you and asking God to fill you with the knowledge of His will in all spiritual wisdom and understanding,",Colossians-1.9.png
Colossians,4,17,17,Tell Archippus: See to it that you complete the ministry you have received in the Lord.,Colossians-4.17.png
